doc_id,row,pred_no,origin,pred_severity,pred_section,pred_text,judge_status,judge_matched,judge_reason,your_label (agree/disagree)
gs-01-checkout-api,prediction,1,rules_engine,CRITICAL,4. API Layer,"issue: An API or service endpoint is exposed without authentication. recommendation: Require authentication on every endpoint by default. If an endpoint must be anonymous (health probe, well-known metadata), document it explicitly, keep it free of business data, and rate-limit it.",TRAP,MUST-NOT-FLAG: Unauthenticated payment webhook allows forged payment confirmations,"The reported finding specifically addresses the exposure of an API endpoint without authentication, and candidate C5 also describes an unauthenticated webhook, which represents a similar lack of authentication on a critical component.",
gs-01-checkout-api,prediction,2,rules_engine,HIGH,4. API Layer,"issue: Sensitive data is written to application logs. recommendation: Mask or omit PII, card data, tokens and full request bodies in logs. Log identifiers and correlation IDs instead of payloads, and apply the same classification controls to log stores as to the source data.",TRAP,MUST-NOT-FLAG: Card data (PAN/CVC) handled or stored by the checkout platform,"The reported finding specifically addresses the issue of sensitive data being written to application logs, and the recommendation is to mask or omit PII, card data, tokens, and request bodies. Candidate C7 directly mentions card data being handled or stored by the platform, which aligns with the finding's concern about sensitive data exposure.",
gs-01-checkout-api,prediction,3,rules_engine,HIGH,6. Network Design,"issue: Management or database ports are reachable from the internet. recommendation: Remove 0.0.0.0/0 ingress on administrative and data ports. Reach instances through a bastion or SSM-style session broker, and place data services on private subnets with private endpoints only.",correct,Reporting read replica with customer PII is publicly accessible on port 5432 from any address,"The reported finding specifically mentions database ports being reachable from the internet and recommends restricting access through a bastion or private endpoints. Candidate C2 also describes a publicly accessible PostgreSQL database replica with customer PII, directly addressing the same underlying weakness of exposed database ports.",
gs-01-checkout-api,prediction,4,rules_engine,HIGH,8. Data Protection,"issue: Encryption keys have no defined custody, rotation or escrow model. recommendation: Store keys in an HSM or managed KMS with dual control, define a rotation period per key class, separate key custodians from data administrators, and document the recovery procedure.",TRAP,MUST-NOT-FLAG: Card data (PAN/CVC) handled or stored by the checkout platform,"The reported finding specifically addresses the lack of a defined key management model (custody, rotation, escrow) for encryption keys. Candidate C5, regarding card data (PAN/CVC) handling, also involves encryption keys and their management, making it a relevant match.",
gs-01-checkout-api,prediction,5,rules_engine,HIGH,11. Availability and Disaster Recovery,"issue: Backups are described without immutability, offline copy, or a tested restore. recommendation: Hold at least one immutable or air-gapped copy outside the production identity domain, and test restore at defined intervals with the result recorded against the stated RTO/RPO.",correct,No audit trail or alerting for privileged staff actions,"The reported finding specifically addresses the lack of immutability, offline copies, and tested restores for backups, which directly relates to the security of configuration data and the ability to recover from incidents. Candidate C7, concerning the lack of audit trails for privileged staff actions, including Kong Admin API configuration changes, aligns with this concern about unmonitored and potentially malicious alterations to the system's configuration.",
gs-01-checkout-api,prediction,6,rules_engine,MEDIUM,Whole document,"issue: No threat model or documented attack-surface analysis accompanies the design. recommendation: Produce a STRIDE or equivalent threat model covering every trust boundary in the design, with mitigations traced to specific controls and residual risks accepted by a named owner.",correct,No audit trail or alerting for privileged staff actions,"The reported finding specifically mentions the lack of a threat model and documented attack-surface analysis, which directly relates to the absence of comprehensive logging and monitoring for critical actions like refunds, address changes, and API configuration changes, as highlighted in candidate C1. C1 describes a lack of visibility into privileged actions, which is a key aspect of identifying and mitigating potential threats.",
gs-01-checkout-api,missed_expected,,,CRITICAL,3. Customer Checkout Flow; 4. API Layer; 7.1 Customers,F1: Unverified guest email binds the guest session to an existing customer account,MISSED,,,
gs-01-checkout-api,missed_expected,,,HIGH,7.3 Staff,F3: Order-admin UI grants every employee full admin rights including refunds and customer export,MISSED,,,
gs-01-checkout-api,missed_expected,,,HIGH,4. API Layer; 6. Network Design,F4: Unauthenticated Kong Admin API reachable from the whole corporate network,MISSED,,,
gs-01-checkout-api,missed_expected,,,HIGH,7.4 Workload identity,F5: All pods share an over-privileged node IAM role (S3 and SES full access),MISSED,,,
gs-01-checkout-api,missed_expected,,,MEDIUM,6. Network Design,F6: EKS API server endpoint open to the internet,MISSED,,,
gs-01-checkout-api,missed_expected,,,MEDIUM,4. API Layer,F7: No rate limiting or brute-force protection on login and registration endpoints,MISSED,,,
gs-01-checkout-api,missed_expected,,,MEDIUM,7.1 Customers,F8: Access tokens are not revoked on sign-out or password change,MISSED,,,
gs-01-checkout-api,missed_expected,,,LOW,7.1 Customers,F9: Weak customer password policy (six-character minimum),MISSED,,,
gs-02-aws-landing-zone,prediction,1,rules_engine,MEDIUM,Whole document,"issue: No dependency, container or supply-chain scanning is described in the pipeline. recommendation: Add SCA and container image scanning as blocking pipeline gates, publish an SBOM per release, and fail the build on new critical CVEs in direct dependencies.",unmatched,,"The reported finding focuses on the lack of security scanning within the software development pipeline, specifically mentioning SCA, container image scanning, SBOM generation, and CVE handling. None of the candidate issues directly address this aspect of the architecture; they cover network segmentation, IAM permissions, SCP guardrails, alerting, data access controls, MFA enforcement, and internet routing, which are distinct security concerns.",
gs-02-aws-landing-zone,prediction,2,rules_engine,CRITICAL,5.1 IAM Identity Center,"issue: Wildcard IAM permissions or a broad managed admin role is granted to workloads. recommendation: Replace wildcard grants with least-privilege policies scoped to the specific actions and resource ARNs the workload needs, generated from observed access and reviewed quarterly.",correct,Break-glass admin IAM users without MFA and with passwords shared across 25 people,"The reported finding specifically addresses the issue of overly permissive IAM permissions granted to workloads. Candidate C3 directly describes break-glass admin IAM users with broad AdministratorAccess, which is a clear example of overly permissive IAM permissions.",
gs-02-aws-landing-zone,prediction,3,rules_engine,CRITICAL,5.2 Break-glass access,"issue: Wildcard IAM permissions or a broad managed admin role is granted to workloads. recommendation: Replace wildcard grants with least-privilege policies scoped to the specific actions and resource ARNs the workload needs, generated from observed access and reviewed quarterly.",correct,"Data lake ETL role trusts every principal in the organisation, including sandbox administrators","The reported finding specifically addresses the issue of overly permissive IAM permissions (wildcard grants or broad managed admin roles) granted to workloads. Candidate C2 directly describes a scenario where a role (datalake-etl) has excessive permissions and trust relationships, aligning with the finding's concern about overly broad access.",
gs-02-aws-landing-zone,prediction,4,rules_engine,CRITICAL,5.3 Third-party access,"issue: Wildcard IAM permissions or a broad managed admin role is granted to workloads. recommendation: Replace wildcard grants with least-privilege policies scoped to the specific actions and resource ARNs the workload needs, generated from observed access and reviewed quarterly.",correct,"Data lake ETL role trusts every principal in the organisation, including sandbox administrators","The reported finding specifically addresses the issue of overly permissive IAM permissions, particularly wildcards or broad admin roles granted to workloads. Candidate C1 directly describes a scenario where a role (datalake-etl) has excessive permissions (read/write access to all data lake zones) and trusts all principals in the organization, aligning with the finding's concern about broad access.",
gs-02-aws-landing-zone,prediction,5,rules_engine,HIGH,11. Encryption and Key Management,"issue: Encryption keys have no defined custody, rotation or escrow model. recommendation: Store keys in an HSM or managed KMS with dual control, define a rotation period per key class, separate key custodians from data administrators, and document the recovery procedure.",unmatched,,"The reported finding specifically addresses the lack of defined key management practices (custody, rotation, escrow) for encryption keys. Candidate C1 discusses MFA enforcement, which is a separate security control and doesn't relate to key management.",
gs-02-aws-landing-zone,prediction,6,rules_engine,CRITICAL,5.2 Break-glass access,"issue: Privileged or administrative access is described without multi-factor authentication. recommendation: Enforce phishing-resistant MFA (FIDO2 or certificate-based) for every administrative session, brokered through PAM with session recording and just-in-time elevation.",correct,Break-glass admin IAM users without MFA and with passwords shared across 25 people,"The reported finding specifically addresses the lack of multi-factor authentication (MFA) for privileged access, particularly in a 'break-glass' scenario. Candidate C4 directly mirrors this concern by highlighting break-glass admin IAM users lacking MFA and sharing passwords, which aligns with the finding's focus on privileged access without MFA.",
gs-02-aws-landing-zone,prediction,7,rules_engine,MEDIUM,Whole document,"issue: No threat model or documented attack-surface analysis accompanies the design. recommendation: Produce a STRIDE or equivalent threat model covering every trust boundary in the design, with mitigations traced to specific controls and residual risks accepted by a named owner.",TRAP,MUST-NOT-FLAG: MFA not enforced for workforce access through IAM Identity Center,"The reported finding highlights the lack of a threat model and attack surface analysis, which directly relates to the absence of proactive security considerations and risk mitigation. Candidate C1, regarding the lack of MFA for workforce access, represents a failure to implement a basic security control that would be identified and addressed through a proper threat modeling exercise.",
gs-02-aws-landing-zone,missed_expected,,,HIGH,5.3 Third-party access,F2: Third-party SaaS vendor holds standing AdministratorAccess in every member account,MISSED,,,
gs-02-aws-landing-zone,missed_expected,,,HIGH,6. Network Architecture,"F4: Single Transit Gateway route table gives any-to-any routing between sandbox, non-prod, prod and on-premises",MISSED,,,
gs-02-aws-landing-zone,missed_expected,,,MEDIUM,3. Organisation Structure; 4. Service Control Policies,"F5: Data OU holding the data lake has no SCP guardrails (region, root, baseline protection)",MISSED,,,
gs-02-aws-landing-zone,missed_expected,,,MEDIUM,7. Internet Egress and Inspection,"F6: Central WAF runs in count mode, so public applications have no blocking protection",MISSED,,,
gs-02-aws-landing-zone,missed_expected,,,MEDIUM,9. Security Tooling and Monitoring,F7: Security findings reviewed weekly with no real-time alerting,MISSED,,,
